time,J1_w,J2_w,J3_w,J4_w
0.0,9.971427558971177,0.029999941875427538,2.7824964554667986e-15,2.7823818500463465e-15
0.003,9.945650504595497,0.059999439013457945,3.157196726277789e-15,3.1568084980765784e-15
0.006,9.922634857915185,0.08999814211836288,3.885780586188048e-15,3.8852074294855755e-15
0.009000000000000001,9.902322273903998,0.11999564795883089,3.4416913763379853e-15,3.440943217113108e-15
0.012,9.884628625421406,0.14999153754549255,3.83026943495679e-15,3.829280404939167e-15
0.015,9.869445853232392,0.17998538676059717,4.385380947269368e-15,4.384282252596655e-15
0.018,9.856643281454938,0.2099767697646282,4.08006961549745e-15,4.078821852717875e-15
0.020999999999999998,9.84606890328164,0.23996526013524289,3.1086244689504383e-15,3.1070647164699027e-15
0.023999999999999997,9.83755078465817,0.2699504312661851,2.609024107869118e-15,2.6070878352413354e-15
0.026999999999999996,9.830898624042309,0.29993185651454546,5.329070518200751e-15,5.326689280036114e-15
0.029999999999999995,9.825895458826682,0.3299090900087318,4.385380947269368e-15,4.382591883899388e-15
0.032999999999999995,9.822313509622443,0.3598817024424008,3.941291737419306e-15,3.938225049372424e-15
0.036,9.819996242071937,0.3898494016662699,2.1649348980190553e-15,2.1617552013111877e-15
0.039,9.818660573609051,0.4198116941624406,2.4424906541753444e-15,2.4392053472066906e-15
0.042,9.818093803463924,0.44976821105082365,2.4424906541753444e-15,2.43910411635027e-15
0.045000000000000005,9.817979951383949,0.479718431301162,3.1086244689504383e-15,3.1051359593137412e-15
0.04800000000000001,9.818056173943736,0.5096619263610442,3.4416913763379853e-15,3.4381188064404373e-15
0.05100000000000001,9.818037491606104,0.5395982391391474,2.4424906541753444e-15,2.4388859482848078e-15
0.05400000000000001,9.817666162137735,0.5695269605585356,3.1086244689504383e-15,3.1050532208664336e-15
0.057000000000000016,9.816674031263906,0.5994476561438429,1.5543122344752192e-15,1.5508544918668186e-15
0.06000000000000002,9.814816754005136,0.629359919441038,2.220446049250313e-15,2.2171773354761532e-15
0.06300000000000001,9.811847104194108,0.6592633255518887,2.4424906541753444e-15,2.439453070355283e-15
0.06600000000000002,9.807539496341784,0.6891574526108784,2.7755575615628914e-15,2.772700564119046e-15
0.06900000000000002,9.801650949577683,0.7190418800765386,1.9984014443252818e-15,1.9956371086199454e-15
0.07200000000000002,9.793987300258383,0.7489161810487541,3.774758283725532e-15,3.772304310409071e-15
0.07500000000000002,9.78434394574143,0.7787799301116891,3.885780586188048e-15,3.884063477590094e-15
0.07800000000000003,9.772517015080174,0.8086327022943376,2.6645352591003757e-15,2.664134205007353e-15
0.08100000000000003,9.75838599051186,0.8384740746349433,2.55351295663786e-15,2.5544140264872254e-15
0.08400000000000003,9.74178251683681,0.8683036204314902,2.55351295663786e-15,2.5558080940214697e-15
0.08700000000000004,9.722583781885913,0.8981209146687039,3.885780586188048e-15,3.889519339742712e-15
0.09000000000000004,9.700719463117778,0.9279255355334541,2.1094237467877974e-15,2.1149325325540565e-15
0.09300000000000004,9.676100989754108,0.9577170575198153,2.886579864025407e-15,2.8940944344588994e-15
0.09600000000000004,9.648686713840979,0.9874950574044696,1.887379141862766e-15,1.896929599516491e-15
0.09900000000000005,9.618463295137284,1.0172591126010406,1.5543122344752192e-15,1.5655975455522613e-15
0.10200000000000005,9.585428296650612,1.0470087999432227,-2.220446049250313e-16,-2.0946732130078437e-16
0.10500000000000005,9.549615543834488,1.07674369663032,1.3322676295501878e-15,1.3461048034033148e-15
0.10800000000000005,9.511079579761983,1.1064633803219888,1.1102230246251565e-15,1.1253588454034757e-15
0.11100000000000006,9.469899120048838,1.1361674289327368,8.881784197001252e-16,9.047029221129404e-16
0.11400000000000006,9.426174209807254,1.1658554199986302,6.661338147750939e-16,6.839122199334206e-16
0.11700000000000006,9.380033177825325,1.1955269318436343,2.220446049250313e-16,2.410721084796286e-16
0.12000000000000006,9.331622888689475,1.2251815427969674,4.440892098500626e-16,4.643687829929412e-16
0.12300000000000007,9.281103943569697,1.2548188313244513,-2.220446049250313e-16,-2.0054270365665484e-16
0.12600000000000006,9.228671090230979,1.2844383761707059,6.661338147750939e-16,6.888369618769805e-16
0.12900000000000006,9.174521519183095,1.3140397563981967,-1.9984014443252818e-15,-1.974589359840027e-15
0.13200000000000006,9.118870327635868,1.3436225513086777,-1.7763568394002505e-15,-1.7516214438741764e-15
0.13500000000000006,9.061963304717196,1.3731863403277416,-1.3322676295501878e-15,-1.306863322104617e-15
0.13800000000000007,9.004023789302142,1.4027307034167347,-2.886579864025407e-15,-2.860596283466525e-15
0.14100000000000007,8.945315099971477,1.4322552206151657,-2.220446049250313e-15,-2.1939761236550246e-15
0.14400000000000007,8.886107049363083,1.4617594722626626,-2.886579864025407e-15,-2.8597015397729276e-15
0.14700000000000008,8.826637312693657,1.4912430391431482,-3.1086244689504383e-15,-3.081502995453158e-15
0.15000000000000008,8.767194217254142,1.5207055021650246,-2.220446049250313e-15,-2.1932104571540146e-15
0.15300000000000008,8.708044105566813,1.5501464426067946,-3.1086244689504383e-15,-3.0813999237602798e-15
0.15600000000000008,8.649431994927832,1.579565442095614,-3.552713678800501e-15,-3.525612041876963e-15
0.15900000000000009,8.59164102632721,1.6089620824764497,-3.774758283725532e-15,-3.7478885265294795e-15
0.1620000000000001,8.534909962511138,1.638335945989633,-4.218847493575595e-15,-4.192296549666756e-15
0.1650000000000001,8.479478356713175,1.6676866151752492,-3.3306690738754696e-15,-3.3044996735391503e-15
0.1680000000000001,8.425599731490221,1.6970136728456326,-4.440892098500626e-15,-4.4151457571334435e-15
0.1710000000000001,8.373442108222733,1.7263167023303616,-4.440892098500626e-15,-4.4155653495346984e-15
0.1740000000000001,8.323226499466749,1.7555952871211407,-3.774758283725532e-15,-3.7498116152087024e-15
0.1770000000000001,8.275151940683891,1.784849011066222,-3.774758283725532e-15,-3.750108083006353e-15
0.1800000000000001,8.229409250617357,1.8140774583347214,-4.6629367034256575e-15,-4.6384503206894205e-15
0.1830000000000001,8.186134166545436,1.8432802135601332,-3.9968028886505635e-15,-3.9723703608598854e-15
0.1860000000000001,8.145434407280511,1.8724568617586153,-5.329070518200751e-15,-5.3046366640462024e-15
0.1890000000000001,8.107438032832285,1.901606988182622,-4.440892098500626e-15,-4.416416299167344e-15
0.19200000000000012,8.072226561815423,1.9307301785350983,-4.218847493575595e-15,-4.194419201059018e-15
0.19500000000000012,8.039846770221265,1.9598260189512038,-3.9968028886505635e-15,-3.972823193742024e-15
0.19800000000000012,8.01032315982854,1.9888940959114452,-3.552713678800501e-15,-3.529821142206509e-15
0.20100000000000012,7.9836478388128524,2.01793399631849,-2.6645352591003757e-15,-2.6436562611689715e-15
0.20400000000000013,7.9598261140058195,2.0469453074135213,-2.6645352591003757e-15,-2.645733914518242e-15
0.20700000000000013,7.938789918779064,2.075927616922278,-2.6645352591003757e-15,-2.6480463131949758e-15
0.21000000000000013,7.9204555115507125,2.104880512965787,-2.6645352591003757e-15,-2.6502620951852476e-15
0.21300000000000013,7.904748990179038,2.133803584036303,-2.6645352591003757e-15,-2.652676074628832e-15
0.21600000000000014,7.891546876734963,2.162696419080673,-1.7763568394002505e-15,-1.766862738167709e-15
0.21900000000000014,7.8807031254835165,2.191558607469898,-2.6645352591003757e-15,-2.6570902448122143e-15
0.22200000000000014,7.872062788545917,2.2203897390101037,-1.3322676295501878e-15,-1.326588915752718e-15
0.22500000000000014,7.865452183630688,2.2491894039452616,-1.3322676295501878e-15,-1.3281692514265583e-15
0.22800000000000015,7.8606713784719116,2.2779571929548963,-1.7763568394002505e-15,-1.7736169202746585e-15
0.23100000000000015,7.857509270491195,2.3066926971802566,-1.3322676295501878e-15,-1.3306797708696288e-15
0.23400000000000015,7.855744597390908,2.3353955082388715,-1.7763568394002505e-15,-1.7755926370936428e-15
0.23700000000000015,7.855134929149213,2.3640652181875765,-1.3322676295501878e-15,-1.332157870783089e-15
0.24000000000000016,7.855429243522999,2.392701419563667,-4.440892098500626e-16,-4.445476240317205e-16
0.24300000000000016,7.856380966376584,2.4213037053869213,-4.440892098500626e-16,-4.448750361089591e-16
0.24600000000000016,7.8577210476475345,2.44987166915658,-1.3322676295501878e-15,-1.3332398244595415e-15
0.24900000000000017,7.859179373494101,2.478404904864151,-8.881784197001252e-16,-8.892013293971317e-16
0.25200000000000017,7.860499584265661,2.5069030069818243,-8.881784197001252e-16,-8.891733787158017e-16
0.25500000000000017,7.861413012380627,2.535365570493945,-4.440892098500626e-16,-4.449782326895602e-16
0.2580000000000002,7.861655693844275,2.5637921908893304,-4.440892098500626e-16,-4.447920103562257e-16
0.2610000000000002,7.860975445176164,2.5921824641611737,-4.440892098500626e-16,-4.445146440954597e-16
0.2640000000000002,7.859128275135717,2.620535986819272,-4.440892098500626e-16,-4.441206419875381e-16
0.2670000000000002,7.85587801890654,2.648852355898761,0.0,5.217989619371577e-19
0.2700000000000002,7.851002466784016,2.6771311689611155,0.0,1.2483563044166333e-18
0.2730000000000002,7.844293485045999,2.7053720241021706,4.440892098500626e-16,4.461926267765881e-16
0.2760000000000002,7.835562730497491,2.7335745199544963,0.0,3.1313640775996964e-18
0.2790000000000002,7.824639568057404,2.761738255696499,4.440892098500626e-16,4.484119492336021e-16
0.2820000000000002,7.811364953651016,2.789862831061897,-4.440892098500626e-16,-4.385465180223151e-16
0.2850000000000002,7.795612474934451,2.817947846336031,8.881784197001252e-16,8.949175717879037e-16
0.2880000000000002,7.777276889871835,2.8459929023683292,0.0,7.787288364763733e-18
0.2910000000000002,7.756262688126633,2.8739976005764696,0.0,8.86461674557784e-18
0.2940000000000002,7.732513183056229,2.9019615429521766,0.0,9.887612945334184e-18
0.2970000000000002,7.705995642173749,2.9298843320670036,4.440892098500626e-16,4.5494284421534425e-16
0.3000000000000002,7.676691906720614,2.9577655710754973,1.3322676295501878e-15,1.3439940884828677e-15
0.3030000000000002,7.644613449765606,2.9856048637235215,8.881784197001252e-16,9.00672650251348e-16
0.3060000000000002,7.609805025806299,3.0134018143544576,1.3322676295501878e-15,1.3454515670898293e-15
0.3090000000000002,7.572327755765782,3.0411560279121774,8.881784197001252e-16,9.01943533843592e-16
0.3120000000000002,7.532259934565825,3.0688671099469502,1.3322676295501878e-15,1.3464143664299665e-15
0.3150000000000002,7.48972050224344,3.096534666623614,1.3322676295501878e-15,1.3465831491126278e-15
0.3180000000000002,7.444844947399056,3.124158304724917,2.220446049250313e-15,2.234712909798212e-15
0.32100000000000023,7.397772860560592,3.151737631657575,1.7763568394002505e-15,1.790630932816028e-15
0.32400000000000023,7.348687464719471,3.1792722554581783,1.3322676295501878e-15,1.3466361723719616e-15
0.32700000000000023,7.297786518272112,3.206761784798571,1.7763568394002505e-15,1.791081742516474e-15
0.33000000000000024,7.245262373421437,3.2342058289916897,1.7763568394002505e-15,1.7913824393809657e-15
0.33300000000000024,7.191346828894321,3.261603997996848,1.7763568394002505e-15,1.7917610453396227e-15
0.33600000000000024,7.136280124739837,3.288955902425546,1.3322676295501878e-15,1.3480869395686254e-15
0.33900000000000025,7.080301789128602,3.316261153546353,1.3322676295501878e-15,1.3485481640150866e-15
0.34200000000000025,7.023665994650376,3.3435193632912568,4.440892098500626e-16,4.608289280510125e-16
0.34500000000000025,6.966639217105797,3.370730144261215,8.881784197001252e-16,9.052701825046073e-16
0.34800000000000025,6.909485215606406,3.397893109730707,1.3322676295501878e-15,1.3495855065986802e-15
0.35100000000000026,6.852465778284094,3.425007873653411,1.3322676295501878e-15,1.3497366510625684e-15
0.35400000000000026,6.795851193661893,3.4520740506691188,1.7763568394002505e-15,1.7938236957575314e-15
0.35700000000000026,6.739905020370443,3.479091256107716,2.6645352591003757e-15,2.681834944285822e-15
0.36000000000000026,6.684880230691434,3.5060591059941997,2.6645352591003757e-15,2.6815286368620575e-15
0.36300000000000027,6.6310286342154905,3.532977217056216,2.220446049250313e-15,2.237017006822701e-15
0.36600000000000027,6.578589995986384,3.5598452067280366,1.7763568394002505e-15,1.792441320312111e-15
0.36900000000000027,6.527791376048132,3.5866626931554024,2.220446049250313e-15,2.235822012792096e-15
0.3720000000000003,6.478845723570772,3.613429295202809,1.7763568394002505e-15,1.7908504586754633e-15
0.3750000000000003,6.43194898184662,3.640144632457766,1.7763568394002505e-15,1.7897674808922967e-15
0.3780000000000003,6.387291202176796,3.666808325234945,1.7763568394002505e-15,1.7887355213007985e-15
0.3810000000000003,6.345033430149343,3.6934199945841577,2.220446049250313e-15,2.2319168302468357e-15
0.3840000000000003,6.30531146428447,3.719979262295095,1.3322676295501878e-15,1.3429790905261676e-15
0.3870000000000003,6.268237568593741,3.746485750902311,1.7763568394002505e-15,1.7865189509738396e-15
0.3900000000000003,6.23389592926561,3.7729390836909564,1.3322676295501878e-15,1.3421373143255263e-15
0.3930000000000003,6.202361438078055,3.7993388847002665,1.7763568394002505e-15,1.7861746036911405e-15
0.3960000000000003,6.173697708139682,3.825684778728999,1.3322676295501878e-15,1.3421875461134402e-15
0.3990000000000003,6.147909403079717,3.8319759802479463,0.020000000000004015,9.71445146547012e-16
0.4020000000000003,6.124965609572747,3.828212802544236,0.05000000000000382,8.187894806610529e-16
0.4050000000000003,6.104838384228008,3.8243944304861053,0.08000000000000451,1.27675647831893e-15
0.4080000000000003,6.087490908276266,3.8205207192389956,0.1100000000000052,1.7486012637846216e-15
0.4110000000000003,6.0728521169519,3.816591258542553,0.14000000000000457,1.0824674490095276e-15
0.4140000000000003,6.060775670705695,3.812605538221141,0.17000000000000526,1.5543122344752192e-15
0.4170000000000003,6.051238066520989,3.8085635079564146,0.2000000000000055,2.0261570199409107e-15
0.4200000000000003,6.04405419913421,3.8044646495485597,0.23000000000000487,1.609823385706477e-15
0.4230000000000003,6.039043926979071,3.8003085483913077,0.2600000000000051,1.9984014443252818e-15
0.4260000000000003,6.036023001704803,3.796094836432098,0.29000000000000536,2.220446049250313e-15
0.4290000000000003,6.034803272511686,3.7918231731642944,0.3200000000000047,1.4432899320127035e-15
0.43200000000000033,6.035169658430231,3.7874931899370905,0.35000000000000586,2.4424906541753444e-15
0.43500000000000033,6.036883793035929,3.7831045046243514,0.38000000000000567,2.1094237467877974e-15
0.43800000000000033,6.039699703758607,3.7786567454845033,0.41000000000000547,1.7763568394002505e-15
0.44100000000000034,6.043363839282167,3.7741495468300412,0.44000000000000616,2.275957200481571e-15
0.44400000000000034,6.047613429171298,3.769582547790739,0.4700000000000064,2.4980018054066022e-15
0.44700000000000034,6.052191549719923,3.764955383185005,0.5000000000000058,1.6653345369377348e-15
0.45000000000000034,6.056829322465546,3.7602676947700804,0.5300000000000065,2.3314683517128287e-15
0.45300000000000035,6.061266220396887,3.755519120785909,0.5600000000000058,1.4432899320127035e-15
0.45600000000000035,6.065237185599774,3.7507093037832715,0.5900000000000052,7.771561172376096e-16
0.45900000000000035,6.068495100806622,3.7458378868867706,0.6200000000000063,1.6653345369377348e-15
0.46200000000000035,6.070790426075414,3.7409045137088737,0.6500000000000066,1.887379141862766e-15
0.46500000000000036,6.071859962192992,3.7359088245696785,0.6800000000000064,1.6653345369377348e-15
0.46800000000000036,6.071477189134035,3.7308504645240754,0.7100000000000057,8.881784197001252e-16
0.47100000000000036,6.069426196839676,3.725729079819448,0.7400000000000055,6.661338147750939e-16
0.47400000000000037,6.065507967171478,3.7205443168530135,0.7700000000000053,3.3306690738754696e-16
0.47700000000000037,6.0595317827339406,3.71529582297058,0.8000000000000052,1.1102230246251565e-16
0.48000000000000037,6.051343664692957,3.709983246965534,0.8300000000000054,2.220446049250313e-16
0.4830000000000004,6.0407802083382345,3.704606237305615,0.8600000000000052,0.0
0.4860000000000004,6.027741653498077,3.6991644450916255,0.8900000000000059,5.551115123125783e-16
0.4890000000000004,6.012093764973518,3.6936575199927515,0.9200000000000061,7.771561172376096e-16
0.4920000000000004,5.993799433137311,3.688085115539364,0.9500000000000064,8.881784197001252e-16
0.4950000000000004,5.97275824300503,3.6824468827484997,0.9800000000000066,9.992007221626409e-16
0.4980000000000004,5.948988923082929,3.6767424772202295,1.0100000000000064,1.3322676295501878e-15
0.5010000000000003,5.922439063618729,3.6709715518282198,1.0400000000000054,6.661338147750939e-16
0.5040000000000003,5.893176289258083,3.6651337639877615,1.0700000000000052,4.440892098500626e-16
0.5070000000000003,5.861196877618929,3.6592287684279357,1.1000000000000054,8.881784197001252e-16
0.5100000000000003,5.826600383502504,3.6532562238227264,1.1300000000000057,1.1102230246251565e-15
0.5130000000000003,5.789459160621959,3.6472157878268585,1.1600000000000055,1.1102230246251565e-15
0.5160000000000003,5.749903877411679,3.641107120482598,1.1900000000000057,1.3322676295501878e-15
0.5190000000000003,5.70807403137393,3.6349298821588314,1.220000000000005,8.881784197001252e-16
0.5220000000000004,5.664130066397611,3.628683734402624,1.2500000000000053,1.1102230246251565e-15
0.5250000000000004,5.618259454316886,3.6223683397817465,1.2800000000000047,6.661338147750939e-16
0.5280000000000004,5.570654193574227,3.6159833616463595,1.3100000000000054,1.3322676295501878e-15
0.5310000000000004,5.521534472324193,3.609528464455563,1.3400000000000056,1.7763568394002505e-15
0.5340000000000004,5.4711216844113695,3.6030033135567514,1.3700000000000054,1.5543122344752192e-15
0.5370000000000004,5.419660286670921,3.5964075752930937,1.4000000000000044,6.661338147750939e-16
0.5400000000000004,5.367393997516199,3.5897409170575676,1.4300000000000042,4.440892098500626e-16
0.5430000000000004,5.314585044478635,3.583003007177107,1.4600000000000053,1.7763568394002505e-15
0.5460000000000004,5.261490035635457,3.576193515078736,1.4900000000000042,6.661338147750939e-16
0.5490000000000004,5.208379993373025,3.5693121111427866,1.5200000000000045,1.3322676295501878e-15
0.5520000000000004,5.155508016767606,3.562358466840367,1.5500000000000047,1.5543122344752192e-15
0.5550000000000004,5.103147755971534,3.555332254615019,1.580000000000005,1.7763568394002505e-15
0.5580000000000004,5.051570737380958,3.5482331479433067,1.6100000000000034,4.440892098500626e-16
0.5610000000000004,5.001003079215152,3.5410608214076924,1.6400000000000032,2.220446049250313e-16
0.5640000000000004,4.951712368880529,3.5338149505386136,1.6700000000000028,-2.220446049250313e-16
0.5670000000000004,4.903950253598195,3.5264952119172133,1.7000000000000035,4.440892098500626e-16
0.5700000000000004,4.857910596743139,3.5191012832717004,1.7300000000000029,2.220446049250313e-16
0.5730000000000004,4.81381889947958,3.511632843279454,1.7600000000000033,6.661338147750939e-16
0.5760000000000004,4.771873946554868,3.5040895716944425,1.790000000000003,2.220446049250313e-16
0.5790000000000004,4.7322419448494575,3.496471149383956,1.8200000000000016,-6.661338147750939e-16
0.5820000000000004,4.695076245052077,3.4887772582507774,1.8500000000000025,2.220446049250313e-16
0.5850000000000004,4.660506931792586,3.4810075812689822,1.8800000000000017,-6.661338147750939e-16
0.5880000000000004,4.628647374760153,3.473161802498886,1.910000000000002,-2.220446049250313e-16
0.5910000000000004,4.5995829212126935,3.465239607084382,1.940000000000002,-2.220446049250313e-16
0.5940000000000004,4.573367480077906,3.4572406812576206,1.9700000000000024,2.220446049250313e-16
0.5970000000000004,4.550041682409958,3.4491647123343565,2.000000000000001,-8.881784197001252e-16
0.6000000000000004,4.52962321320596,3.4410113887231137,2.030000000000002,0.0
0.6030000000000004,4.512091010794319,3.4327803999414215,2.0600000000000014,-4.440892098500626e-16
0.6060000000000004,4.497408577255225,3.4244714366042883,2.0900000000000016,0.0
0.6090000000000004,4.485521466171022,3.4160841904312003,2.120000000000001,-4.440892098500626e-16
0.6120000000000004,4.4763371402754455,3.4076183542571625,2.1500000000000012,-4.440892098500626e-16
0.6150000000000004,4.469745971885703,3.3990736220327973,2.1800000000000015,4.440892098500626e-16
0.6180000000000004,4.4656244400129355,3.3904496888333577,2.210000000000001,-4.440892098500626e-16
0.6210000000000004,4.463813535215173,3.3817462508539626,2.2400000000000015,4.440892098500626e-16
0.6240000000000004,4.464138393050063,3.3729630054216155,2.2700000000000014,4.440892098500626e-16
0.6270000000000004,4.466418360738863,3.3640996510015473,2.3000000000000007,0.0
0.6300000000000004,4.4704384504311605,3.355155887193932,2.330000000000001,0.0
0.6330000000000005,4.475972071933344,3.3461314147436676,2.3600000000000003,0.0
0.6360000000000005,4.482796188215351,3.337025935540455,2.3900000000000006,0.0
0.6390000000000005,4.490657401149832,3.327839152628869,2.4200000000000004,0.0
0.6420000000000005,4.499297080432756,3.3185707702089635,2.45,-4.440892098500626e-16
0.6450000000000005,4.508464533133808,3.309220493635542,2.4799999999999986,-1.3322676295501878e-15
0.6480000000000005,4.517890400513459,3.299788029432322,2.5099999999999993,-8.881784197001252e-16
0.6510000000000005,4.527306149978195,3.290273085290049,2.539999999999999,-8.881784197001252e-16
0.6540000000000005,4.536450715159763,3.2806753700696825,2.5699999999999994,-4.440892098500626e-16
0.6570000000000005,4.545061507333998,3.270994593809643,2.5999999999999988,-8.881784197001252e-16
0.6600000000000005,4.552880660464465,3.2612304677288613,2.629999999999999,-8.881784197001252e-16
0.6630000000000005,4.559660157628574,3.2513827042305734,2.659999999999998,-1.3322676295501878e-15
0.6660000000000005,4.565161734458953,3.2414510169066926,2.6899999999999986,-8.881784197001252e-16
0.6690000000000005,4.569158891819474,3.2314351205419447,2.7199999999999975,-1.7763568394002505e-15
0.6720000000000005,4.5714384617238135,3.2213347311177563,2.749999999999998,-1.3322676295501878e-15
0.6750000000000005,4.571803278799643,3.2111495658164873,2.7799999999999976,-1.3322676295501878e-15
0.6780000000000005,4.570076409212485,3.2008793430258704,2.8099999999999983,-8.881784197001252e-16
0.6810000000000005,4.5660978148877565,3.1905237823420354,2.8399999999999963,-2.220446049250313e-15
0.6840000000000005,4.559725690611317,3.180082604573397,2.8699999999999966,-2.220446049250313e-15
0.6870000000000005,4.55084710972525,3.1695555317466946,2.8999999999999972,-1.3322676295501878e-15
0.6900000000000005,4.539368938942258,3.1589422871087542,2.929999999999996,-2.220446049250313e-15
0.6930000000000005,4.525214836786167,3.1482425951298207,2.9599999999999964,-1.7763568394002505e-15
0.6960000000000005,4.508345203749636,3.1374561815106996,2.9899999999999967,-1.7763568394002505e-15
0.6990000000000005,4.488741966491872,3.126582773184087,3.0199999999999965,-1.3322676295501878e-15
0.7020000000000005,4.4663996366421665,3.1156220983177647,3.049999999999996,-2.220446049250313e-15
0.7050000000000005,4.441355143926268,3.1045738863214187,3.079999999999996,-1.7763568394002505e-15
0.7080000000000005,4.413623066538743,3.101718148585603,3.1017181485857126,-2.220446049250313e-15
0.7110000000000005,4.383359993023267,3.1111058325804537,3.1111058325805634,-2.220446049250313e-15
0.7140000000000005,4.350659423649921,3.120449524403188,3.1204495244032975,-2.220446049250313e-15
0.7170000000000005,4.315626982401754,3.129748956421285,3.1297489564213947,-3.1086244689504383e-15
0.7200000000000005,4.278402965120611,3.1390039651855792,3.139003965185689,-2.6645352591003757e-15
0.7230000000000005,4.239151206947323,3.14821441149522,3.1482144114953297,-2.6645352591003757e-15
0.7260000000000005,4.198056912900507,3.157380161704193,3.1573801617043027,-3.1086244689504383e-15
0.7290000000000005,4.155332418782518,3.1665010787245107,3.1665010787246204,-3.1086244689504383e-15
0.7320000000000005,4.111186645902375,3.175577038598542,3.1755770385986515,-3.1086244689504383e-15
0.7350000000000005,4.065842450274107,3.184607916831366,3.184607916831476,-2.220446049250313e-15
0.7380000000000005,4.019505254339353,3.193593604271793,3.1935936042719026,-1.7763568394002505e-15
0.7410000000000005,3.972449127543194,3.202533960202409,3.2025339602025187,-2.220446049250313e-15
0.7440000000000005,3.9249466406420663,3.2114288498249928,3.2114288498251025,-2.6645352591003757e-15
0.7470000000000006,3.877275845065084,3.2202781381370453,3.220278138137155,-2.6645352591003757e-15
0.7500000000000006,3.829702808649508,3.229081700733626,3.229081700733736,-2.6645352591003757e-15
0.7530000000000006,3.7824762355384323,3.2378394228323697,3.2378394228324794,-2.220446049250313e-15
0.7560000000000006,3.735873526336157,3.2465511709615518,3.2465511709616615,-2.220446049250313e-15
0.7590000000000006,3.690159456520235,3.255216817949031,3.2552168179491408,-2.220446049250313e-15
0.7620000000000006,3.64557444559103,3.2638362456172376,3.2638362456173473,-2.6645352591003757e-15
0.7650000000000006,3.6023669247774874,3.2724093296205714,3.272409329620681,-2.220446049250313e-15
0.7680000000000006,3.5607633598281554,3.2809359500045305,3.2809359500046402,-2.220446049250313e-15
0.7710000000000006,3.520980810056971,3.2894159855941214,3.289415985594231,-1.3322676295501878e-15
0.7740000000000006,3.4832279548044545,3.297849316076794,3.2978493160769036,-1.3322676295501878e-15
0.7770000000000006,3.447675996048846,3.306235822117935,3.306235822118045,-1.3322676295501878e-15
0.7800000000000006,3.41451297818598,3.3145753839171466,3.3145753839172563,-1.3322676295501878e-15
0.7830000000000006,3.3838591274982677,3.3228678837635055,3.322867883763615,-1.3322676295501878e-15
0.7860000000000006,3.3558746128488397,3.331113202712851,3.331113202712961,-1.3322676295501878e-15
0.7890000000000006,3.3364526618033286,3.336452661803329,3.3364526618034387,-8.881784197001252e-16
0.7920000000000006,3.3344715074043827,3.334471507404383,3.334471507404493,-8.881784197001252e-16
0.7950000000000006,3.33338172742369,3.3333817274236903,3.3333817274238,-8.881784197001252e-16
0.7980000000000006,3.333228033947348,3.3332280339473486,3.3332280339474583,-8.881784197001252e-16
0.8010000000000006,3.3340091141692745,3.334009114169275,3.3340091141693846,-8.881784197001252e-16
0.8040000000000006,3.335722298419031,3.3357222984190313,3.335722298419141,-8.881784197001252e-16
0.8070000000000006,3.3383395361307744,3.338339536130775,3.3383395361308845,-8.881784197001252e-16
0.8100000000000006,3.3418522777369497,3.34185227773695,3.34185227773706,-8.881784197001252e-16
0.8130000000000006,3.3462156123401066,3.346215612340107,3.3462156123402167,-8.881784197001252e-16
0.8160000000000006,3.351398228837933,3.3513982288379336,3.3513982288380433,-8.881784197001252e-16
0.8190000000000006,3.357359701822736,3.3573597018227366,3.3573597018228463,-8.881784197001252e-16
0.8220000000000006,3.3640226243944262,3.3640226243944267,3.3640226243945364,-8.881784197001252e-16
0.8250000000000006,3.371374367516772,3.3713743675167724,3.371374367516882,-8.881784197001252e-16
0.8280000000000006,3.379280123217452,3.3792801232174523,3.379280123217562,-8.881784197001252e-16
0.8310000000000006,3.38973497324884,3.386840935852904,3.3868409358530136,-1.3322676295501878e-15
0.8340000000000006,3.4016866791697065,3.3943158113038887,3.3943158113039984,-1.3322676295501878e-15
0.8370000000000006,3.4148413840288168,3.4017416500559587,3.4017416500560684,-1.3322676295501878e-15
0.8400000000000006,3.4289685168327986,3.409118319154398,3.4091183191545076,-8.881784197001252e-16
0.8430000000000006,3.443813764394168,3.4164457027522235,3.416445702752333,-8.881784197001252e-16
0.8460000000000006,3.459141038721625,3.423723704689341,3.4237237046894506,-8.881784197001252e-16
0.8490000000000006,3.47466950458274,3.4309522141417084,3.430952214141818,-4.440892098500626e-16
0.8520000000000006,3.4901340305078428,3.4381311291100576,3.4381311291101673,-4.440892098500626e-16
0.8550000000000006,3.505254020620077,3.44526034035827,3.4452603403583795,-8.881784197001252e-16
0.8580000000000007,3.5197810825554434,3.45233975000852,3.4523397500086297,-4.440892098500626e-16
0.8610000000000007,3.5334471369937566,3.4593692530359177,3.4593692530360274,-8.881784197001252e-16
0.8640000000000007,3.54601525532644,3.466348750479399,3.4663487504795087,-4.440892098500626e-16
0.8670000000000007,3.557246604391453,3.4732781434727786,3.4732781434728883,-8.881784197001252e-16
0.8700000000000007,3.566910802814012,3.4801573320924084,3.480157332092518,-8.881784197001252e-16
0.8730000000000007,3.5748088118274506,3.486986220149948,3.4869862201500577,-8.881784197001252e-16
0.8760000000000007,3.5807387158342827,3.4937647102604044,3.493764710260514,-4.440892098500626e-16
0.8790000000000007,3.5845387147965933,3.5004927065699345,3.500492706570044,0.0
0.8820000000000007,3.5860480023405303,3.5071701140420783,3.507170114042188,-8.881784197001252e-16
0.8850000000000007,3.585142913520555,3.5137968375227033,3.513796837522813,-4.440892098500626e-16
0.8880000000000007,3.5817086323152205,3.5203727832674327,3.5203727832675424,-4.440892098500626e-16
0.8910000000000007,3.575664907010246,3.5268978576457233,3.526897857645833,-4.440892098500626e-16
0.8940000000000007,3.566945434484029,3.53337196790632,3.5333719679064295,-4.440892098500626e-16
0.8970000000000007,3.5555160348131434,3.5397950220590464,3.539795022059156,-4.440892098500626e-16
0.9000000000000007,3.5445428812161754,3.5445428813162465,3.544542881316356,-4.440892098500626e-16
0.9030000000000007,3.5430770176793684,3.5430770177794395,3.543077017779549,-4.440892098500626e-16
0.9060000000000007,3.530669806189348,3.530669806289419,3.5306698062895285,0.030000000000000693
0.9090000000000007,3.5174235874855944,3.5174235875856654,3.517423587585775,0.06000000000000094
0.9120000000000007,3.5033216191517473,3.5033216192518184,3.503321619251928,0.09000000000000119
0.9150000000000007,3.4884096813262078,3.488409681426279,3.4884096814263885,0.12000000000000144
0.9180000000000007,3.4726993463495486,3.4726993464496196,3.4726993464497293,0.1500000000000017
0.9210000000000007,3.4562773501410287,3.4562773502410997,3.4562773502412094,0.18000000000000194
0.9240000000000007,3.439131930169758,3.439131930269829,3.4391319302699386,0.21000000000000174
0.9270000000000007,3.4213582226045904,3.4213582227046615,3.421358222704771,0.24000000000000243
0.9300000000000007,3.403030105589217,3.403030105689288,3.403030105689398,0.2700000000000031
0.9330000000000007,3.3842231514099836,3.3842231515100547,3.3842231515101644,0.30000000000000293
0.9360000000000007,3.365024328813243,3.365024328913314,3.3650243289134236,0.3300000000000032
0.9390000000000007,3.3454911614444756,3.3454911615445466,3.3454911615446563,0.360000000000003
0.9420000000000007,3.3257186187530956,3.3257186188531667,3.3257186188532764,0.3900000000000028
0.9450000000000007,3.305792291764029,3.3057922918641,3.3057922918642095,0.42000000000000304
0.9480000000000007,3.2858010008291583,3.2858010009292293,3.285801000929339,0.4500000000000033
0.9510000000000007,3.2658371170201557,3.2658371171202267,3.2658371171203364,0.48000000000000353
0.9540000000000007,3.2459882174060444,3.2459882175061154,3.245988217506225,0.5100000000000042
0.9570000000000007,3.226341736451534,3.226341736551605,3.226341736551715,0.540000000000004
0.9600000000000007,3.20698777619582,3.206987776295891,3.2069877762960006,0.5700000000000038
0.9630000000000007,3.1879996433462345,3.1879996434463056,3.1879996434464153,0.6000000000000041
0.9660000000000007,3.1694655786823867,3.1694655787824577,3.1694655787825674,0.6300000000000043
0.9690000000000007,3.1514611760015967,3.1514611761016678,3.1514611761017775,0.6600000000000041
0.9720000000000008,3.1340471003926735,3.1340471004927446,3.1340471004928543,0.6900000000000044
0.9750000000000008,3.1173068809796116,3.1173068810796827,3.1173068810797924,0.7200000000000042
0.9780000000000008,3.101279792202213,3.101279792302284,3.101279792302394,0.7500000000000044
0.9810000000000008,3.086031084689123,3.086031084789194,3.0860310847893038,0.7800000000000047
0.9840000000000008,3.0716151598628034,3.0716151599628745,3.071615159962984,0.810000000000004
0.9870000000000008,3.0580454435826505,3.0580454436827216,3.0580454436828313,0.8400000000000043
0.9900000000000008,3.045384262972639,3.04538426307271,3.04538426307282,0.8700000000000045
0.9930000000000008,3.0336325557284494,3.0336325558285204,3.03363255582863,0.9000000000000035
0.9960000000000008,3.0228109663337555,3.0228109664338265,3.022810966433936,0.9300000000000033
0.9990000000000008,3.0138065697629,3.012546070667331,3.0125460706674407,0.9600000000000017
1.0020000000000007,3.0079293548660453,3.0021298619340056,3.0021298619341152,0.9899999999999993
1.0050000000000006,3.0049290504063695,2.9916597755281287,2.9916597755282384,1.0199999999999982
1.0080000000000005,3.0047774197232946,2.981135772753609,2.981135772753719,1.0499999999999967
1.0110000000000003,3.007396022118361,2.9705577794131233,2.970557779413233,1.0799999999999947
1.0140000000000002,3.012672536536395,2.959925719036913,2.9599257190370225,1.1099999999999934
1.0170000000000001,3.020493038789443,2.9492395341939934,2.949239534194103,1.1399999999999928
1.02,3.030721400652081,2.9384991661963618,2.9384991661964714,1.1699999999999922
1.023,3.043184312519551,2.9277045498831913,2.927704549883301,1.1999999999999915
1.0259999999999998,3.0576894907798593,2.916855622095563,2.9168556220956727,1.2299999999999915
1.0289999999999997,3.0740325969257483,2.9059523233403177,2.9059523233404274,1.2599999999999905
1.0319999999999996,3.0919967936449764,2.8949945962334547,2.8949945962335644,1.2899999999999896
1.0349999999999995,3.1113445769430856,2.883982384201243,2.8839823842013526,1.3199999999999878
1.0379999999999994,3.1318400521972714,2.8729156306225523,2.872915630622662,1.3499999999999865
1.0409999999999993,3.153229675197191,2.861794279864964,2.8617942798650735,1.3799999999999855
1.0439999999999992,3.175259242036955,2.850618276361848,2.8506182763619576,1.409999999999984
1.046999999999999,3.1976711831541853,2.8393875654713363,2.839387565471446,1.4399999999999826
1.049999999999999,3.220196155324834,2.828102093825718,2.828102093825828,1.4699999999999815
1.0529999999999988,3.2425702438893875,2.816761808115441,2.8167618081155505,1.4999999999999802
1.0559999999999987,3.2645308356797336,2.8053666567203703,2.80536665672048,1.5299999999999792
1.0589999999999986,3.2858110989807017,2.793916588228312,2.793916588228422,1.5599999999999774
1.0619999999999985,3.306168067946121,2.782411552318576,2.7824115523186856,1.5899999999999765
1.0649999999999984,3.3253460439672673,2.770851499431747,2.7708514994318567,1.619999999999975
1.0679999999999983,3.343125953618915,2.759236380628275,2.759236380628385,1.649999999999974
1.0709999999999982,3.359277909654879,2.747566147920444,2.7475661479205535,1.6799999999999724
1.073999999999998,3.3736098014495925,2.735840753942986,2.7358407539430956,1.7099999999999715
1.076999999999998,3.385928985273233,2.7240601521707375,2.724060152170847,1.73999999999997
1.0799999999999979,3.3960733399587166,2.712224296847047,2.7122242968471566,1.7699999999999685
1.0829999999999977,3.4038955353891622,2.7003331429807815,2.700333142980891,1.7999999999999678
1.0859999999999976,3.4092706321922015,2.688386646380203,2.6883866463803128,1.8299999999999663
1.0889999999999975,3.41209880014019,2.676384763650325,2.6763847636504345,1.8599999999999652
1.0919999999999974,3.4122989261780132,2.6643274521672486,2.6643274521673583,1.8899999999999635
1.0949999999999973,3.409820417666435,2.6522146701194353,2.652214670119545,1.9199999999999624
1.0979999999999972,3.4046306777559523,2.64004637646827,2.6400463764683795,1.9499999999999609
1.100999999999997,3.3967285679050705,2.627822530973219,2.6278225309733285,1.9799999999999596
1.103999999999997,3.3861327313201457,2.615543094181186,2.615543094181296,2.009999999999958
1.1069999999999969,3.3728902565724987,2.603208027427107,2.603208027427217,2.0399999999999574
1.1099999999999968,3.3570713705399124,2.5908172928375213,2.590817292837631,2.069999999999956
1.1129999999999967,3.3387690592675963,2.5783708533300613,2.578370853330171,2.099999999999955
1.1159999999999966,3.318102436237951,2.565868672611101,2.5658686726112108,2.1299999999999537
1.1189999999999964,3.295208631798543,2.5533107151823993,2.553310715182509,2.1599999999999526
1.1219999999999963,3.270249222318288,2.5406969463357094,2.540696946335819,2.1899999999999515
1.1249999999999962,3.2434027576474223,2.5280273321572455,2.528027332157355,2.2199999999999505
1.1279999999999961,3.214865685967292,2.5153018395275697,2.5153018395276794,2.2499999999999494
1.130999999999996,3.184853049504151,2.5025204361196467,2.5025204361197564,2.2799999999999474
1.133999999999996,3.153588245281263,2.489683090403829,2.489683090403939,2.3099999999999463
1.1369999999999958,3.1213157872362527,2.47678977164243,2.4767897716425398,2.339999999999945
1.1399999999999957,3.0882778524344787,2.463840449896642,2.4638404498967517,2.3699999999999437
1.1429999999999956,3.054739745134269,2.450835096020039,2.450835096020149,2.3999999999999426
1.1459999999999955,3.020954108751387,2.437773681666214,2.437773681666324,2.4299999999999415
1.1489999999999954,2.987225022343099,2.436433452160734,2.4364334521608435,2.436433452160844
1.1519999999999953,2.953789149974944,2.437650546443403,2.4376505464435128,2.437650546443513
1.1549999999999951,2.9209091654175428,2.438830709898453,2.438830709898563,2.4388307098985633
1.157999999999995,2.888832989264665,2.439973478440365,2.4399734784404745,2.439973478440475
1.160999999999995,2.857814797291693,2.441078767070528,2.4410787670706378,2.441078767070638
1.1639999999999948,2.8281061026754326,2.4421465593920977,2.4421465593922074,2.442146559392208
1.1669999999999947,2.7999273712663757,2.443176855467182,2.443176855467292,2.4431768554672924
1.1699999999999946,2.773524958804497,2.444169642020661,2.444169642020771,2.4441696420207712
1.1729999999999945,2.749107071295762,2.4451249070238372,2.445124907023947,2.4451249070239474
1.1759999999999944,2.726866010634048,2.446042638338896,2.4460426383390055,2.446042638339006
1.1789999999999943,2.7069715427229792,2.4469228232751052,2.446922823275215,2.4469228232752154
1.1819999999999942,2.689572817401098,2.4477654494409107,2.4477654494410204,2.447765449441021
1.184999999999994,2.67480321340353,2.4485705048617192,2.448570504861829,2.4485705048618294
1.187999999999994,2.662774340015002,2.4493379779547446,2.4493379779548543,2.4493379779548548
1.1909999999999938,2.653571636517161,2.450067857790172,2.4500678577902817,2.450067857790282
1.1939999999999937,2.647253218452852,2.45076013407231,2.4507601340724197,2.45076013407242
1.1969999999999936,2.64386060640132,2.4514147968609135,2.451414796861023,2.4514147968610236
1.1999999999999935,2.6434047577813633,2.4520318368916008,2.4520318368917104,2.452031836891711
1.2029999999999934,2.6458609820124788,2.452611245660981,2.4526112456610907,2.452611245661091
1.2059999999999933,2.6512154053848818,2.4531530144339087,2.4531530144340183,2.453153014434019
1.2089999999999932,2.6593842207848195,2.4536571359845016,2.4536571359846113,2.4536571359846118
1.211999999999993,2.670309752750246,2.454123602528019,2.454123602528129,2.4541236025281292
1.214999999999993,2.6838651361933965,2.4545524078445737,2.4545524078446834,2.454552407844684
1.2179999999999929,2.699929280611663,2.4549435455555026,2.4549435455556123,2.454943545555613
1.2209999999999928,2.718346124736235,2.45529701024461,2.4552970102447196,2.45529701024472
1.2239999999999926,2.7389381287306342,2.455612796908183,2.4556127969082926,2.455612796908293
1.2269999999999925,2.7615162699177285,2.4558909010747634,2.455890901074873,2.4558909010748735
1.2299999999999924,2.7858688255020034,2.4561313188387413,2.456131318838851,2.4561313188388514
1.2329999999999923,2.8117722574495114,2.4563340468069352,2.456334046807045,2.4563340468070454
1.2359999999999922,2.838993373872718,2.4564990820877677,2.4564990820878774,2.456499082087878
1.238999999999992,2.867281878712443,2.456626422353127,2.456626422353237,2.4566264223532372
1.241999999999992,2.896389162241713,2.4567160657806526,2.4567160657807623,2.4567160657807627
1.244999999999992,2.9260498439428413,2.4567680110910164,2.456768011091126,2.4567680110911265
1.2479999999999918,2.956008571521075,2.456782538577712,2.4567825385778215,2.456782538577822
1.2509999999999917,2.9858835406679383,2.4567825385777113,2.456782538577821,2.4567825385778215
1.2539999999999916,3.0154086105186724,2.4567825385777113,2.456782538577821,2.4567825385778215
1.2569999999999915,3.0443017690438157,2.456782538577712,2.4567825385778215,2.456782538577822
1.2599999999999913,3.0723318577327303,2.456782538577712,2.4567825385778215,2.456782538577822
1.2629999999999912,3.0992553319166674,2.456782538577712,2.4567825385778215,2.456782538577822
1.2659999999999911,3.124826746408469,2.4567825385777122,2.456782538577822,2.4567825385778224
1.268999999999991,3.1488231203302863,2.456782538577712,2.4567825385778215,2.456782538577822
1.271999999999991,3.1710168563471735,2.4567825385777122,2.456782538577822,2.4567825385778224
1.2749999999999908,3.1912309986523475,2.4567825385777122,2.456782538577822,2.4567825385778224
1.2779999999999907,3.2092577337505697,2.4567825385777122,2.456782538577822,2.4567825385778224
1.2809999999999906,3.2249626742078066,2.4567825385777122,2.456782538577822,2.4567825385778224
1.2839999999999905,3.2381820932745202,2.456782538577712,2.4567825385778215,2.456782538577822
1.2869999999999904,3.2488187089430194,2.4567825385777122,2.456782538577822,2.4567825385778224
1.2899999999999903,3.25676394013202,2.4567825385777122,2.456782538577822,2.4567825385778224
1.2929999999999902,3.261953960132398,2.4567825385777122,2.456782538577822,2.4567825385778224
1.29599999999999,3.264345667384933,2.4567825385777127,2.4567825385778224,2.456782538577823
1.29899999999999,3.2639034106487275,2.4567825385777127,2.4567825385778224,2.456782538577823
1.3019999999999898,3.260658983759767,2.4567825385777127,2.4567825385778224,2.456782538577823
1.3049999999999897,3.2546058479442976,2.4567825385777127,2.4567825385778224,2.456782538577823
1.3079999999999896,3.245834332055832,2.4567825385777127,2.4567825385778224,2.456782538577823
1.3109999999999895,3.23438771430928,2.4567825385777127,2.4567825385778224,2.456782538577823
1.3139999999999894,3.2203966239358794,2.4567825385777127,2.4567825385778224,2.456782538577823
1.3169999999999893,3.203962803394578,2.4567825385777127,2.4567825385778224,2.456782538577823
1.3199999999999892,3.185246895389347,2.4567825385777127,2.4567825385778224,2.456782538577823
1.322999999999989,3.164408636047374,2.4567825385777127,2.4567825385778224,2.456782538577823
1.325999999999989,3.1416305146676518,2.4567825385777127,2.4567825385778224,2.456782538577823
1.3289999999999889,3.117126253540383,2.4567825385777127,2.4567825385778224,2.456782538577823
1.3319999999999887,3.0910954232956502,2.4567825385777136,2.4567825385778232,2.4567825385778237
1.3349999999999886,3.0637906413452645,2.4567825385777136,2.4567825385778232,2.4567825385778237
1.3379999999999885,3.035433215611998,2.4567825385777136,2.4567825385778232,2.4567825385778237
1.3409999999999884,3.006291440872419,2.4567825385777136,2.4567825385778232,2.4567825385778237
1.3439999999999883,2.97661180096495,2.4567825385777136,2.4567825385778232,2.4567825385778237
1.3469999999999882,2.9466660468214863,2.4567825385777136,2.4567825385778232,2.4567825385778237
1.349999999999988,2.916714909101881,2.4567825385777136,2.4567825385778232,2.4567825385778237
1.352999999999988,2.887027452264453,2.4567825385777136,2.4567825385778232,2.4567825385778237
1.3559999999999879,2.857864535204939,2.4567825385777144,2.456782538577824,2.4567825385778246
1.3589999999999878,2.8294893714920595,2.4567825385777144,2.456782538577824,2.4567825385778246
1.3619999999999877,2.8021457890306394,2.4567825385777144,2.456782538577824,2.4567825385778246
1.3649999999999876,2.7760874443400656,2.456782538577715,2.4567825385778246,2.456782538577825
1.3679999999999874,2.7515330306008092,2.456782538577715,2.4567825385778246,2.456782538577825
1.3709999999999873,2.7287137609891796,2.4567825385777144,2.456782538577824,2.4567825385778246
1.3739999999999872,2.7078199058280257,2.4567825385777144,2.456782538577824,2.4567825385778246
1.3769999999999871,2.6890467394187447,2.4567825385777144,2.456782538577824,2.4567825385778246
1.379999999999987,2.672555758955647,2.456782538577715,2.4567825385778246,2.456782538577825
1.382999999999987,2.6584919210754774,2.4567825385777144,2.456782538577824,2.4567825385778246
1.3859999999999868,2.6469906746482046,2.4567825385777144,2.456782538577824,2.4567825385778246
1.3889999999999867,2.63815749573174,2.456782538577715,2.4567825385778246,2.456782538577825
1.3919999999999866,2.6320664187254845,2.4567825385777144,2.456782538577824,2.4567825385778246
1.3949999999999865,2.628767098353702,2.456782538577715,2.4567825385778246,2.456782538577825
1.3979999999999864,2.6282817590745036,2.4567825385777153,2.456782538577825,2.4567825385778255
1.4009999999999863,2.6306006551002192,2.4567825385777153,2.456782538577825,2.4567825385778255
1.4039999999999861,2.635735367438841,2.4567825385777153,2.456782538577825,2.4567825385778255
1.406999999999986,2.643631531417079,2.456782538577715,2.4567825385778246,2.456782538577825
1.409999999999986,2.6542286746385573,2.4567825385777153,2.456782538577825,2.4567825385778255
1.4129999999999858,2.6674232873732238,2.4567825385777153,2.456782538577825,2.4567825385778255
1.4159999999999857,2.6830974712074114,2.4567825385777153,2.456782538577825,2.4567825385778255
1.4189999999999856,2.7011067077591777,2.4567825385777153,2.456782538577825,2.4567825385778255
1.4219999999999855,2.721291785551717,2.4567825385777153,2.456782538577825,2.4567825385778255
1.4249999999999854,2.743475319702656,2.4567825385777153,2.456782538577825,2.4567825385778255
1.4279999999999853,2.7674594265601824,2.4567825385777153,2.456782538577825,2.4567825385778255
1.4309999999999852,2.793033420112234,2.4567825385777153,2.456782538577825,2.4567825385778255
1.433999999999985,2.8199703537505014,2.456782538577716,2.4567825385778255,2.456782538577826
1.436999999999985,2.8480280695752884,2.456782538577716,2.4567825385778255,2.456782538577826
1.4399999999999848,2.8769618695570527,2.456782538577716,2.4567825385778255,2.456782538577826
1.4429999999999847,2.9065083429823293,2.456782538577716,2.4567825385778255,2.456782538577826
1.4459999999999846,2.936410021470128,2.456782538577716,2.4567825385778255,2.456782538577826
1.4489999999999845,2.966398191204496,2.456782538577716,2.4567825385778255,2.456782538577826
1.4519999999999844,2.9962070567198102,2.456782538577716,2.4567825385778255,2.456782538577826
1.4549999999999843,3.0255731085312987,2.456782538577716,2.4567825385778255,2.456782538577826
1.4579999999999842,3.054235911170464,2.4567825385777162,2.456782538577826,2.4567825385778264
1.460999999999984,3.0819410249434567,2.456782538577716,2.4567825385778255,2.456782538577826
1.463999999999984,3.1084435976049245,2.456782538577716,2.4567825385778255,2.456782538577826
1.4669999999999839,3.1335077649636727,2.456782538577716,2.4567825385778255,2.456782538577826
1.4699999999999838,3.1569115342367833,2.456782538577716,2.4567825385778255,2.456782538577826
1.4729999999999837,3.1784469101197566,2.4567825385777162,2.456782538577826,2.4567825385778264
1.4759999999999835,3.1979225217578064,2.456782538577716,2.4567825385778255,2.456782538577826
1.4789999999999834,3.215164999582649,2.456782538577716,2.4567825385778255,2.456782538577826
1.4819999999999833,3.23001826766605,2.456782538577716,2.4567825385778255,2.456782538577826
1.4849999999999832,3.242352107550368,2.4567825385777162,2.456782538577826,2.4567825385778264
1.4879999999999831,3.2520601319126747,2.456782538577716,2.4567825385778255,2.456782538577826
1.490999999999983,3.2590491752361577,2.456782538577716,2.4567825385778255,2.456782538577826
1.493999999999983,3.2632530191305325,2.4567825385777162,2.456782538577826,2.4567825385778264
1.4969999999999828,3.264643618335372,2.4567825385777162,2.456782538577826,2.4567825385778264
1.4999999999999827,3.2632186316945235,2.4567825385777162,2.456782538577826,2.4567825385778264
