time,Out1
0.0,0.0
0.010000000000000002,7.999999999999999e-5
0.02000000000000001,0.00025999
0.03000000000000002,0.00053995
0.04000000000000003,0.00091986
0.05000000000000004,0.00139968
0.060000000000000046,0.00197935
0.07000000000000005,0.00265883
0.08000000000000006,0.00343804
0.09000000000000007,0.0043169
0.10000000000000007,0.00529533
0.11000000000000008,0.00637323
0.12000000000000009,0.00755049
0.1300000000000001,0.008827
0.1400000000000001,0.010202619999999999
0.1500000000000001,0.011677219999999999
0.16000000000000011,0.01325065
0.17000000000000012,0.01492276
0.18000000000000013,0.01669338
0.19000000000000014,0.018562330000000002
0.20000000000000015,0.020529420000000003
0.21000000000000016,0.022594450000000002
0.22000000000000017,0.024757220000000003
0.23000000000000018,0.027017520000000003
0.24000000000000019,0.029375110000000003
0.25000000000000017,0.03182977
0.2600000000000002,0.03438124
0.2700000000000002,0.03702927
0.2800000000000002,0.039773600000000006
0.2900000000000002,0.042613950000000005
0.3000000000000002,0.04555004000000001
0.3100000000000002,0.048581570000000004
0.32000000000000023,0.05170824
0.33000000000000024,0.054929740000000005
0.34000000000000025,0.058245750000000006
0.35000000000000026,0.061655930000000005
0.36000000000000026,0.06515995000000001
0.3700000000000003,0.06875745000000001
0.3800000000000003,0.07244807000000002
0.3900000000000003,0.07623145000000002
0.4000000000000003,0.08010720000000002
0.4100000000000003,0.08407494000000001
0.4200000000000003,0.08813427000000001
0.4300000000000003,0.09228479000000002
0.44000000000000034,0.09652608000000001
0.45000000000000034,0.10085772000000001
0.46000000000000035,0.10527927000000001
0.47000000000000036,0.10979029000000001
0.48000000000000037,0.11439033000000001
0.4900000000000004,0.11907893000000001
0.5000000000000003,0.12385562000000001
0.5100000000000003,0.12871993
0.5200000000000004,0.13367137
0.5300000000000004,0.13870944000000002
0.5400000000000004,0.14383364
0.5500000000000004,0.14904345000000002
0.5600000000000004,0.15433836
0.5700000000000004,0.15971783
0.5800000000000004,0.16518133000000002
0.5900000000000004,0.17072831000000002
0.6000000000000004,0.17635822
0.6100000000000004,0.18207049
0.6200000000000004,0.18786455
0.6300000000000004,0.19373983
0.6400000000000005,0.19969573
0.6500000000000005,0.20573165999999998
0.6600000000000005,0.21184702
0.6700000000000005,0.21804119
0.6800000000000005,0.22431356
0.6900000000000005,0.23066349
0.7000000000000005,0.23709036
0.7100000000000005,0.24359352
0.7200000000000005,0.25017232
0.7300000000000005,0.2568261
0.7400000000000005,0.2635542
0.7500000000000006,0.27035594
0.7600000000000006,0.27723064000000003
0.7700000000000006,0.28417762
0.7800000000000006,0.29119618
0.7900000000000006,0.29828562000000003
0.8000000000000006,0.30544523
0.8100000000000006,0.3126743
0.8200000000000006,0.31997210000000004
0.8300000000000006,0.3273379
0.8400000000000006,0.33477097
0.8500000000000006,0.34227056
0.8600000000000007,0.34983592
0.8700000000000007,0.3574663
0.8800000000000007,0.36516093
0.8900000000000007,0.37291904
0.9000000000000007,0.38073986
0.9100000000000007,0.38862261
0.9200000000000007,0.39656649
0.9300000000000007,0.40457072
0.9400000000000007,0.41263449
0.9500000000000007,0.42075700000000005
0.9600000000000007,0.42893743000000006
0.9700000000000008,0.43717496000000006
0.9800000000000008,0.44546878000000006
0.9900000000000008,0.4538180500000001
1.0000000000000007,0.4622219400000001
1.0099999999999996,0.4706796000000001
1.0199999999999985,0.47919020000000007
1.0299999999999974,0.48775288000000006
1.0399999999999963,0.49636678000000006
1.0499999999999952,0.5050310400000001
1.059999999999994,0.5137448000000001
1.069999999999993,0.5225071900000001
1.0799999999999919,0.5313173200000001
1.0899999999999908,0.5401743200000001
1.0999999999999897,0.5490773000000001
1.1099999999999886,0.5580253800000001
1.1199999999999875,0.5670176500000002
1.1299999999999863,0.5760532200000001
1.1399999999999852,0.5851311800000002
1.1499999999999841,0.5942506300000002
1.159999999999983,0.6034106600000002
1.169999999999982,0.6126103400000003
1.1799999999999808,0.6218487600000002
1.1899999999999797,0.6311250000000003
1.1999999999999786,0.6404381300000003
1.2099999999999775,0.6497872100000003
1.2199999999999764,0.6591713100000003
1.2299999999999753,0.6685894900000003
1.2399999999999742,0.6780408200000003
1.2499999999999731,0.6875243400000003
1.259999999999972,0.6970391100000003
1.269999999999971,0.7065841700000003
1.2799999999999698,0.7161585800000003
1.2899999999999687,0.7257613700000003
1.2999999999999676,0.7353915800000003
1.3099999999999665,0.7450482500000003
1.3199999999999654,0.7547304200000003
1.3299999999999643,0.7644371100000004
1.3399999999999632,0.7741673600000004
1.3499999999999621,0.7839201900000005
1.359999999999961,0.7936946300000005
1.36999999999996,0.8034897000000005
1.3799999999999588,0.8133044200000006
1.3899999999999577,0.8231378100000006
1.3999999999999566,0.8329888900000006
1.4099999999999555,0.8428566700000006
1.4199999999999544,0.8527401600000006
1.4299999999999533,0.8626383800000006
1.4399999999999522,0.8725503400000006
1.449999999999951,0.8824750400000007
1.45999999999995,0.8924114900000006
1.469999999999949,0.9023587000000006
1.4799999999999478,0.9123156800000006
1.4899999999999467,0.9222814200000007
1.4999999999999456,0.9322549400000006
1.5099999999999445,0.9422352300000006
1.5199999999999434,0.9522213000000006
1.5299999999999423,0.9622121400000005
1.5399999999999412,0.9722067600000005
1.54999999999994,0.9822041600000005
1.559999999999939,0.9922033400000005
1.569999999999938,1.0022033000000006
1.5799999999999368,1.0122030400000006
1.5899999999999357,1.0222015600000005
1.5999999999999346,1.0321978600000006
1.6099999999999335,1.0421909400000007
1.6199999999999324,1.0521798000000007
1.6299999999999313,1.0621634400000006
1.6399999999999302,1.0721408700000006
1.649999999999929,1.0821110800000007
1.659999999999928,1.0920730800000007
1.6699999999999269,1.1020258700000007
1.6799999999999258,1.1119684600000008
1.6899999999999247,1.1218998600000007
1.6999999999999236,1.1318190700000008
1.7099999999999225,1.1417250900000009
1.7199999999999214,1.151616940000001
1.7299999999999203,1.161493630000001
1.7399999999999192,1.171354170000001
1.749999999999918,1.181197570000001
1.759999999999917,1.191022860000001
1.7699999999999159,1.200829040000001
1.7799999999999148,1.210615140000001
1.7899999999999137,1.220380180000001
1.7999999999999126,1.230123180000001
1.8099999999999115,1.239843170000001
1.8199999999999104,1.249539170000001
1.8299999999999093,1.2592102200000008
1.8399999999999082,1.2688553500000008
1.849999999999907,1.2784735900000008
1.859999999999906,1.2880639900000008
1.8699999999999048,1.2976255800000007
1.8799999999999037,1.3071574100000007
1.8899999999999026,1.3166585200000007
1.8999999999999015,1.3261279700000008
1.9099999999999004,1.3355648100000008
1.9199999999998993,1.3449680900000007
1.9299999999998982,1.3543368700000007
1.9399999999998971,1.3636702200000006
1.949999999999896,1.3729672000000006
1.959999999999895,1.3822268900000005
1.9699999999998938,1.3914483500000006
1.9799999999998927,1.4006306700000006
1.9899999999998916,1.4097729300000006
1.9999999999998905,1.4188742100000007
2.0099999999998897,1.4279336000000007
2.0199999999998886,1.4369502000000007
2.0299999999998875,1.4459231000000008
2.0399999999998863,1.4548514100000007
2.0499999999998852,1.4637342400000006
2.059999999999884,1.4725706900000006
2.069999999999883,1.4813598900000007
2.079999999999882,1.4901009500000006
2.089999999999881,1.4987930000000007
2.0999999999998797,1.5074351700000006
2.1099999999998786,1.5160266000000007
2.1199999999998775,1.5245664300000006
2.1299999999998764,1.5330538000000007
2.1399999999998753,1.5414878700000008
2.1499999999998742,1.5498677900000009
2.159999999999873,1.5581927200000008
2.169999999999872,1.5664618300000008
2.179999999999871,1.5746743000000007
2.18999999999987,1.5828293000000007
2.1999999999998687,1.5909260200000006
2.2099999999998676,1.5989636500000006
2.2199999999998665,1.6069413800000005
2.2299999999998654,1.6148584200000005
2.2399999999998643,1.6227139700000004
2.249999999999863,1.6305072500000004
2.259999999999862,1.6382374800000004
2.269999999999861,1.6459038900000003
2.27999999999986,1.6535057100000004
2.289999999999859,1.6610421800000004
2.2999999999998577,1.6685125400000003
2.3099999999998566,1.6759160500000003
2.3199999999998555,1.6832519700000004
2.3299999999998544,1.6905195700000004
2.3399999999998533,1.6977181100000005
2.349999999999852,1.7048468800000005
2.359999999999851,1.7119051700000005
2.36999999999985,1.7188922700000004
2.379999999999849,1.7258074800000005
2.389999999999848,1.7326501100000005
2.3999999999998467,1.7394194800000005
2.4099999999998456,1.7461149000000005
2.4199999999998445,1.7527357100000005
2.4299999999998434,1.7592812500000006
2.4399999999998423,1.7657508600000005
2.449999999999841,1.7721439000000005
2.45999999999984,1.7784597300000005
2.469999999999839,1.7846977100000005
2.479999999999838,1.7908572200000006
2.489999999999837,1.7969376500000005
2.4999999999998357,1.8029383800000005
2.5099999999998346,1.8088588200000004
2.5199999999998335,1.8146983700000003
2.5299999999998324,1.8204564500000004
2.5399999999998313,1.8261324900000004
2.54999999999983,1.8317259200000005
2.559999999999829,1.8372361800000006
2.569999999999828,1.8426627100000006
2.579999999999827,1.8480049800000007
2.5899999999998258,1.8532624500000008
2.5999999999998247,1.8584345900000008
2.6099999999998236,1.8635208900000009
2.6199999999998225,1.8685208400000008
2.6299999999998214,1.8734339400000009
2.6399999999998203,1.8782596900000008
2.649999999999819,1.8829976200000007
2.659999999999818,1.8876472500000008
2.669999999999817,1.8922081100000008
2.679999999999816,1.8966797500000008
2.6899999999998148,1.9010617300000008
2.6999999999998137,1.9053536000000009
2.7099999999998126,1.909554940000001
2.7199999999998115,1.913665320000001
2.7299999999998104,1.917684340000001
2.7399999999998093,1.921611590000001
2.749999999999808,1.925446680000001
2.759999999999807,1.929189220000001
2.769999999999806,1.9328388500000009
2.779999999999805,1.936395190000001
2.7899999999998037,1.939857890000001
2.7999999999998026,1.943226610000001
2.8099999999998015,1.946501010000001
2.8199999999998004,1.949680760000001
2.8299999999997993,1.952765540000001
2.8399999999997982,1.955755040000001
2.849999999999797,1.958648970000001
2.859999999999796,1.961447040000001
2.869999999999795,1.964148960000001
2.879999999999794,1.966754470000001
2.8899999999997927,1.969263300000001
2.8999999999997916,1.971675210000001
2.9099999999997905,1.973989950000001
2.9199999999997894,1.9762072900000012
2.9299999999997883,1.9783270100000012
2.9399999999997872,1.9803489000000012
2.949999999999786,1.9822727600000012
2.959999999999785,1.984098390000001
2.969999999999784,1.9858256100000011
2.979999999999783,1.9874542500000012
2.9899999999997817,1.9889841400000012
2.9999999999997806,1.9904151400000012
3.0099999999997795,1.991747100000001
3.0199999999997784,1.9929798800000011
3.0299999999997773,1.994113370000001
3.039999999999776,1.995147440000001
3.049999999999775,1.996082000000001
3.059999999999774,1.996916950000001
3.069999999999773,1.997652210000001
3.079999999999772,1.998287710000001
3.0899999999997707,1.998823380000001
3.0999999999997696,1.999259170000001
3.1099999999997685,1.9995950300000012
3.1199999999997674,1.9998309300000012
3.1299999999997663,1.9999668500000012
3.139999999999765,2.0000027800000013
3.149999999999764,1.9999387100000012
3.159999999999763,1.9997746400000012
3.169999999999762,1.9995106000000011
3.179999999999761,1.999146610000001
3.1899999999997597,1.9986827000000011
3.1999999999997586,1.998118930000001
3.2099999999997575,1.997455340000001
3.2199999999997564,1.996692010000001
3.2299999999997553,1.995829010000001
3.239999999999754,1.994866430000001
3.249999999999753,1.993804360000001
3.259999999999752,1.9926429100000012
3.269999999999751,1.9913822000000012
3.27999999999975,1.9900223500000012
3.2899999999997487,1.9885635000000013
3.2999999999997476,1.9870058000000013
3.3099999999997465,1.9853494000000014
3.3199999999997454,1.9835944600000013
3.3299999999997443,1.9817411600000012
3.339999999999743,1.9797896900000012
3.349999999999742,1.9777402400000013
3.359999999999741,1.9755930200000014
3.36999999999974,1.9733482400000013
3.3799999999997388,1.9710061300000012
3.3899999999997377,1.9685669200000013
3.3999999999997366,1.9660308500000014
3.4099999999997355,1.9633981800000015
3.4199999999997344,1.9606691700000016
3.4299999999997333,1.9578440900000016
3.439999999999732,1.9549232300000017
3.449999999999731,1.9519068800000017
3.45999999999973,1.9487953400000018
3.469999999999729,1.9455889200000018
3.4799999999997278,1.942287940000002
3.4899999999997267,1.9388927300000018
3.4999999999997256,1.935403630000002
3.5099999999997245,1.9318209900000018
3.5199999999997234,1.9281451700000019
3.5299999999997222,1.924376540000002
3.539999999999721,1.920515470000002
3.54999999999972,1.916562350000002
3.559999999999719,1.912517580000002
3.569999999999718,1.908381550000002
3.5799999999997167,1.9041546900000021
3.5899999999997156,1.8998374100000022
3.5999999999997145,1.8954301500000021
3.6099999999997134,1.890933350000002
3.6199999999997123,1.8863474500000021
3.6299999999997112,1.8816729200000022
3.63999999999971,1.8769102200000023
3.649999999999709,1.8720598300000022
3.659999999999708,1.8671222400000023
3.669999999999707,1.8620979400000022
3.6799999999997057,1.8569874300000022
3.6899999999997046,1.8517912200000022
3.6999999999997035,1.8465098300000022
3.7099999999997024,1.8411437900000023
3.7199999999997013,1.8356936400000023
3.7299999999997,1.8301599200000023
3.739999999999699,1.8245431800000023
3.749999999999698,1.8188439900000022
3.759999999999697,1.8130629200000021
3.769999999999696,1.8072005400000022
3.7799999999996947,1.801257440000002
3.7899999999996936,1.795234220000002
3.7999999999996925,1.789131470000002
3.8099999999996914,1.782949810000002
3.8199999999996903,1.776689860000002
3.829999999999689,1.770352240000002
3.839999999999688,1.7639375800000021
3.849999999999687,1.7574465300000022
3.859999999999686,1.7508797400000022
3.869999999999685,1.7442378600000021
3.8799999999996837,1.737521550000002
3.8899999999996826,1.7307314900000021
3.8999999999996815,1.7238683600000022
3.9099999999996804,1.7169328400000021
3.9199999999996793,1.709925630000002
3.929999999999678,1.702847430000002
3.939999999999677,1.6956989500000021
3.949999999999676,1.688480900000002
3.959999999999675,1.681194000000002
3.969999999999674,1.673838980000002
3.9799999999996727,1.666416580000002
3.9899999999996716,1.6589275400000019
3.9999999999996705,1.651372600000002
4.009999999999674,1.643752530000002
4.019999999999677,1.636068080000002
4.0299999999996805,1.628320030000002
4.039999999999684,1.620509140000002
4.049999999999687,1.612636200000002
4.0599999999996905,1.604702000000002
4.069999999999694,1.596707330000002
4.079999999999697,1.5886529900000022
4.0899999999997005,1.5805397900000022
4.099999999999704,1.5723685300000023
4.109999999999707,1.5641400400000023
4.119999999999711,1.5558551300000023
4.129999999999714,1.5475146400000024
4.139999999999717,1.5391194000000024
4.149999999999721,1.5306702400000023
4.159999999999724,1.5221680200000023
4.169999999999727,1.5136135800000023
4.179999999999731,1.5050077800000023
4.189999999999734,1.4963514800000024
4.199999999999737,1.4876455400000024
4.209999999999741,1.4788908400000025
4.219999999999744,1.4700882500000025
4.229999999999747,1.4612386500000025
4.239999999999751,1.4523429300000026
4.249999999999754,1.4434019800000026
4.259999999999757,1.4344166900000026
4.269999999999761,1.4253879500000026
4.279999999999764,1.4163166800000027
4.289999999999767,1.4072037800000026
4.299999999999771,1.3980501500000027
4.309999999999774,1.3888567200000026
4.319999999999777,1.3796244000000026
4.329999999999781,1.3703541200000027
4.339999999999784,1.3610468100000026
4.349999999999787,1.3517033900000026
4.359999999999791,1.3423248000000025
4.369999999999794,1.3329119800000024
4.379999999999797,1.3234658700000024
4.389999999999801,1.3139874100000024
4.399999999999804,1.3044775500000023
4.409999999999807,1.2949372500000023
4.419999999999811,1.2853674500000023
4.429999999999814,1.2757691200000023
4.439999999999817,1.2661432100000023
4.449999999999821,1.2564906900000024
4.459999999999824,1.2468125200000024
4.4699999999998274,1.2371096700000024
4.479999999999831,1.2273831100000023
4.489999999999834,1.2176338100000024
4.4999999999998375,1.2078627400000024
4.509999999999841,1.1980708900000023
4.519999999999844,1.1882592300000023
4.5299999999998475,1.1784287500000024
4.539999999999851,1.1685804200000023
4.549999999999854,1.1587152300000023
4.5599999999998575,1.1488341700000022
4.569999999999861,1.1389382300000022
4.579999999999864,1.1290284000000022
4.5899999999998675,1.1191056600000022
4.599999999999871,1.1091710100000023
4.609999999999874,1.0992254500000023
4.6199999999998775,1.0892699600000022
4.629999999999881,1.0793055500000022
4.639999999999884,1.0693332100000021
4.649999999999888,1.059353930000002
4.659999999999891,1.0493687200000021
4.669999999999894,1.0393785700000022
4.679999999999898,1.0293844800000023
4.689999999999901,1.0193874500000022
4.699999999999904,1.0093884900000023
4.709999999999908,0.9993885900000024
4.719999999999911,0.9893887500000024
4.729999999999914,0.9793899700000024
4.739999999999918,0.9693932500000024
4.749999999999921,0.9593995900000024
4.759999999999924,0.9494099900000024
4.769999999999928,0.9394254500000023
4.779999999999931,0.9294469700000023
4.789999999999934,0.9194755400000023
4.799999999999938,0.9095121600000023
4.809999999999941,0.8995578300000023
4.819999999999944,0.8896135500000023
4.829999999999948,0.8796803100000024
4.839999999999951,0.8697591000000023
4.849999999999954,0.8598509100000024
4.859999999999958,0.8499567400000023
4.869999999999961,0.8400775700000023
4.879999999999964,0.8302143900000023
4.889999999999968,0.8203681900000023
4.899999999999971,0.8105399500000022
4.909999999999974,0.8007306600000023
4.919999999999978,0.7909413000000023
4.929999999999981,0.7811728400000023
4.939999999999984,0.7714262600000024
4.949999999999988,0.7617025400000024
4.959999999999991,0.7520026500000023
4.969999999999994,0.7423275600000023
4.979999999999998,0.7326782400000024
4.990000000000001,0.7230556500000024
5.000000000000004,0.7134607500000024
5.010000000000008,0.7038945100000025
5.020000000000011,0.6943578800000024
5.0300000000000145,0.6848518100000024
5.040000000000018,0.6753772600000024
5.050000000000021,0.6659351700000025
5.0600000000000245,0.6565264800000025
5.070000000000028,0.6471521400000024
5.080000000000031,0.6378130900000024
5.0900000000000345,0.6285102500000024
5.100000000000038,0.6192445600000024
5.110000000000041,0.6100169500000023
5.1200000000000445,0.6008283400000023
5.130000000000048,0.5916796400000023
5.140000000000051,0.5825717700000023
5.1500000000000545,0.5735056500000023
5.160000000000058,0.5644821800000023
5.170000000000061,0.5555022600000022
5.1800000000000646,0.5465667900000023
5.190000000000068,0.5376766600000022
5.200000000000071,0.5288327600000022
5.210000000000075,0.5200359800000023
5.220000000000078,0.5112871900000023
5.230000000000081,0.5025872700000024
5.240000000000085,0.49393709000000235
5.250000000000088,0.48533752000000235
5.260000000000091,0.47678942000000235
5.270000000000095,0.46829364000000234
5.280000000000098,0.4598510300000023
5.290000000000101,0.4514624300000023
5.300000000000105,0.44312868000000233
5.310000000000108,0.43485062000000235
5.320000000000111,0.4266290800000023
5.330000000000115,0.4184648700000023
5.340000000000118,0.41035882000000234
5.350000000000121,0.40231173000000237
5.360000000000125,0.39432441000000235
5.370000000000128,0.38639765000000237
5.380000000000131,0.37853225000000235
5.390000000000135,0.37072900000000236
5.400000000000138,0.36298868000000234
5.410000000000141,0.3553120600000023
5.420000000000145,0.34769991000000233
5.430000000000148,0.3401529800000023
5.440000000000151,0.33267204000000233
5.450000000000155,0.32525783000000236
5.460000000000158,0.31791109000000234
5.470000000000161,0.31063256000000233
5.480000000000165,0.30342297000000235
5.490000000000168,0.29628304000000233
5.500000000000171,0.28921348000000235
5.510000000000175,0.2822150000000024
5.520000000000178,0.2752882900000024
5.530000000000181,0.26843405000000237
5.540000000000185,0.26165297000000237
5.550000000000188,0.2549457200000024
5.5600000000001915,0.24831298000000238
5.570000000000195,0.24175541000000236
5.580000000000198,0.23527366000000235
5.5900000000002015,0.22886838000000237
5.600000000000205,0.22254021000000238
5.610000000000208,0.21628979000000237
5.6200000000002115,0.21011774000000236
5.630000000000215,0.20402468000000235
5.640000000000218,0.19801121000000235
5.6500000000002215,0.19207794000000236
5.660000000000225,0.18622546000000237
5.670000000000228,0.18045436000000237
5.6800000000002315,0.17476522000000236
5.690000000000235,0.16915860000000235
5.700000000000238,0.16363506000000236
5.7100000000002415,0.15819516000000236
5.720000000000245,0.15283944000000235
5.730000000000248,0.14756843000000236
5.740000000000252,0.14238266000000235
5.750000000000255,0.13728266000000236
5.760000000000258,0.13226893000000237
5.770000000000262,0.12734197000000236
5.780000000000265,0.12250227000000236
5.790000000000268,0.11775032000000235
5.800000000000272,0.11308660000000235
5.810000000000275,0.10851157000000236
5.820000000000278,0.10402569000000236
5.830000000000282,0.09962940000000237
5.840000000000285,0.09532315000000237
5.850000000000288,0.09110737000000237
5.860000000000292,0.08698247000000237
5.870000000000295,0.08294887000000237
5.880000000000298,0.07900698000000236
5.890000000000302,0.07515719000000236
5.900000000000305,0.07139988000000236
5.910000000000308,0.06773543000000236
5.920000000000312,0.06416421000000236
5.930000000000315,0.06068657000000236
5.940000000000318,0.05730286000000236
5.950000000000322,0.054013420000002366
5.960000000000325,0.05081858000000237
5.970000000000328,0.04771865000000237
5.980000000000332,0.04471395000000237
5.990000000000335,0.041804780000002366
6.000000000000338,0.03899143000000237
6.010000000000342,0.03627418000000237
6.020000000000345,0.03365330000000237
6.030000000000348,0.03112905000000237
6.040000000000352,0.02870169000000237
6.050000000000355,0.026371460000002372
6.060000000000358,0.02413859000000237
6.070000000000362,0.02200331000000237
6.080000000000365,0.019965820000002372
6.0900000000003685,0.01802634000000237
6.100000000000372,0.016185050000002373
6.110000000000375,0.014442140000002372
6.1200000000003785,0.012797790000002373
6.130000000000382,0.011252160000002374
6.140000000000385,0.009805400000002374
6.1500000000003885,0.008457660000002374
6.160000000000392,0.007209070000002374
6.170000000000395,0.006059760000002374
6.1800000000003985,0.005009850000002374
6.190000000000402,0.004059430000002374
6.200000000000405,0.003208610000002374
6.2100000000004085,0.002457470000002374
6.220000000000412,0.0018060800000023742
6.230000000000415,0.0012545100000023743
6.2400000000004185,0.0008028100000023743
6.250000000000422,0.00045103000000237435
6.260000000000425,0.00019920000000237437
6.270000000000429,4.735000000237436e-5
6.280000000000432,-4.499999997625639e-6
6.290000000000435,4.365000000237435e-5
6.300000000000439,0.00019179000000237435
6.310000000000442,0.00043991000000237436
6.320000000000445,0.0007879900000023743
6.330000000000449,0.0012359900000023744
6.340000000000452,0.0017838600000023744
6.350000000000455,0.002431550000002374
6.360000000000459,0.0031790000000023744
6.370000000000462,0.004026130000002374
6.380000000000465,0.004972860000002374
6.390000000000469,0.006019090000002374
6.400000000000472,0.007164720000002374
6.410000000000475,0.008409630000002374
6.420000000000479,0.009753700000002374
6.430000000000482,0.011196790000002373
6.440000000000485,0.012738760000002373
6.450000000000489,0.014379460000002373
6.460000000000492,0.016118720000002373
6.470000000000495,0.017956360000002374
6.480000000000499,0.019892210000002374
6.490000000000502,0.021926070000002372
6.500000000000505,0.024057730000002372
6.510000000000509,0.026286990000002373
6.520000000000512,0.028613620000002372
6.530000000000515,0.03103739000000237
6.540000000000519,0.03355805000000237
6.550000000000522,0.036175350000002375
6.560000000000525,0.03888904000000237
6.570000000000529,0.041698840000002374
6.580000000000532,0.04460447000000237
6.590000000000535,0.047605630000002376
6.600000000000539,0.050702030000002375
6.610000000000542,0.053893360000002374
6.6200000000005454,0.057179300000002375
6.630000000000549,0.06055952000000238
6.640000000000552,0.06403369000000238
6.6500000000005555,0.06760145000000238
6.660000000000559,0.07126245000000238
6.670000000000562,0.07501632000000238
6.6800000000005655,0.07886269000000239
6.690000000000569,0.08280117000000238
6.700000000000572,0.08683137000000238
6.7100000000005755,0.09095289000000238
6.720000000000579,0.09516531000000238
6.730000000000582,0.09946822000000238
6.7400000000005855,0.10386118000000238
6.750000000000589,0.10834375000000239
6.760000000000592,0.1129154900000024
6.7700000000005955,0.1175759300000024
6.780000000000599,0.1223246200000024
6.790000000000602,0.1271610700000024
6.800000000000606,0.1320848100000024
6.810000000000609,0.1370953400000024
6.820000000000612,0.1421921600000024
6.830000000000616,0.1473747600000024
6.840000000000619,0.1526426200000024
6.850000000000622,0.15799521000000238
6.860000000000626,0.16343200000000238
6.870000000000629,0.1689524500000024
6.880000000000632,0.1745560000000024
6.890000000000636,0.1802421000000024
6.900000000000639,0.1860101700000024
6.910000000000642,0.19185964000000238
6.920000000000646,0.1977899200000024
6.930000000000649,0.2038004200000024
6.940000000000652,0.2098905400000024
6.950000000000656,0.2160596700000024
6.960000000000659,0.2223072000000024
6.970000000000662,0.2286324900000024
6.980000000000666,0.23503492000000242
6.990000000000669,0.24151385000000242
7.000000000000672,0.2480686200000024
7.010000000000676,0.2546985900000024
7.020000000000679,0.2614030900000024
7.030000000000682,0.2681814500000024
7.040000000000686,0.27503299000000236
7.050000000000689,0.2819570200000024
7.060000000000692,0.28895286000000237
7.070000000000696,0.2960198000000024
7.080000000000699,0.3031571400000024
7.090000000000702,0.3103641600000024
7.100000000000706,0.3176401400000024
7.110000000000709,0.3249843600000024
7.120000000000712,0.3323960800000024
7.130000000000716,0.33987456000000243
7.140000000000719,0.34741905000000245
7.1500000000007224,0.3550288000000025
7.160000000000726,0.36270305000000247
7.170000000000729,0.37044103000000245
7.1800000000007325,0.37824196000000243
7.190000000000736,0.38610507000000244
7.200000000000739,0.39402957000000244
7.2100000000007425,0.4020146600000024
7.220000000000746,0.41005955000000244
7.230000000000749,0.41816343000000245
7.2400000000007525,0.42632550000000247
7.250000000000756,0.4345449300000025
7.260000000000759,0.4428209100000025
7.2700000000007625,0.4511526100000025
7.280000000000766,0.4595391900000025
7.290000000000769,0.4679798200000025
7.3000000000007725,0.47647365000000247
7.310000000000776,0.4850198300000025
7.320000000000779,0.4936175100000025
7.330000000000783,0.5022658300000025
7.340000000000786,0.5109639200000025
7.350000000000789,0.5197109100000025
7.360000000000793,0.5285059300000025
7.370000000000796,0.5373481000000024
7.380000000000799,0.5462365300000024
7.390000000000803,0.5551703400000024
7.400000000000806,0.5641486300000025
7.410000000000809,0.5731705100000025
7.420000000000813,0.5822350700000025
7.430000000000816,0.5913414100000025
7.440000000000819,0.6004886100000025
7.450000000000823,0.6096757600000026
7.460000000000826,0.6189019400000025
7.470000000000829,0.6281662300000025
7.480000000000833,0.6374677100000025
7.490000000000836,0.6468054400000025
7.500000000000839,0.6561784900000025
7.510000000000843,0.6655859200000025
7.520000000000846,0.6750267900000025
7.530000000000849,0.6845001600000026
7.540000000000853,0.6940050800000026
7.550000000000856,0.7035406000000026
7.560000000000859,0.7131057600000026
7.570000000000863,0.7226996100000026
7.580000000000866,0.7323211900000026
7.590000000000869,0.7419695400000026
7.600000000000873,0.7516436900000026
7.610000000000876,0.7613426800000026
7.620000000000879,0.7710655300000026
7.630000000000883,0.7808112800000025
7.640000000000886,0.7905789400000025
7.650000000000889,0.8003675500000025
7.660000000000893,0.8101761200000025
7.670000000000896,0.8200036700000025
7.680000000000899,0.8298492200000025
7.690000000000903,0.8397117900000025
7.700000000000906,0.8495903900000025
7.7100000000009095,0.8594840300000025
7.720000000000913,0.8693917200000025
7.730000000000916,0.8793124700000026
7.7400000000009195,0.8892452900000025
7.750000000000923,0.8991891800000025
7.760000000000926,0.9091431500000025
7.7700000000009295,0.9191062100000025
7.780000000000933,0.9290773600000025
7.790000000000936,0.9390556000000025
7.8000000000009395,0.9490399300000025
7.810000000000943,0.9590293600000025
7.820000000000946,0.9690228900000025
7.8300000000009495,0.9790195100000025
7.840000000000953,0.9890182300000026
7.850000000000956,0.9990180500000025
7.8600000000009596,1.0090179700000026
7.870000000000963,1.0190169900000026
7.880000000000966,1.0290141100000025
7.89000000000097,1.0390083200000024
7.900000000000973,1.0489986300000025
7.910000000000976,1.0589840400000026
7.92000000000098,1.0689635600000025
7.930000000000983,1.0789361800000026
7.940000000000986,1.0889009100000027
7.95000000000099,1.0988567500000026
7.960000000000993,1.1088027000000027
7.970000000000996,1.1187377700000027
7.980000000001,1.1286609700000028
7.990000000001003,1.1385713000000028
8.000000000001005,1.1484677700000028
8.010000000001,1.1583494000000027
8.020000000000994,1.1682151900000028
8.030000000000989,1.1780641600000028
8.040000000000983,1.1878953200000029
8.050000000000978,1.1977076900000028
8.060000000000972,1.2075002900000027
8.070000000000967,1.2172721400000026
8.080000000000961,1.2270222700000026
8.090000000000956,1.2367496900000026
8.10000000000095,1.2464534400000025
8.110000000000944,1.2561325400000025
8.120000000000939,1.2657860300000026
8.130000000000933,1.2754129400000025
8.140000000000928,1.2850123100000026
8.150000000000922,1.2945831800000025
8.160000000000917,1.3041245900000025
8.170000000000911,1.3136355900000025
8.180000000000906,1.3231152300000024
8.1900000000009,1.3325625600000024
8.200000000000895,1.3419766300000024
8.210000000000889,1.3513565000000025
8.220000000000883,1.3607012400000025
8.230000000000878,1.3700099100000025
8.240000000000872,1.3792815800000024
8.250000000000867,1.3885153200000024
8.260000000000861,1.3977102100000025
8.270000000000856,1.4068653300000025
8.28000000000085,1.4159797600000024
8.290000000000845,1.4250525900000024
8.30000000000084,1.4340829200000025
8.310000000000834,1.4430698400000024
8.320000000000828,1.4520124500000025
8.330000000000823,1.4609098600000026
8.340000000000817,1.4697611800000026
8.350000000000811,1.4785655300000025
8.360000000000806,1.4873220200000024
8.3700000000008,1.4960297800000024
8.380000000000795,1.5046879400000024
8.39000000000079,1.5132956300000024
8.400000000000784,1.5218519900000025
8.410000000000778,1.5303561600000024
8.420000000000773,1.5388073000000024
8.430000000000767,1.5472045600000024
8.440000000000762,1.5555471000000023
8.450000000000756,1.5638340800000023
8.46000000000075,1.5720646800000024
8.470000000000745,1.5802380700000025
8.48000000000074,1.5883534400000026
8.490000000000734,1.5964099800000024
8.500000000000728,1.6044068800000024
8.510000000000723,1.6123433400000025
8.520000000000717,1.6202185600000025
8.530000000000712,1.6280317600000025
8.540000000000706,1.6357821600000024
8.5500000000007,1.6434689800000024
8.560000000000695,1.6510914500000025
8.57000000000069,1.6586488100000025
8.580000000000684,1.6661403100000025
8.590000000000678,1.6735652000000025
8.600000000000673,1.6809227300000025
8.610000000000667,1.6882121700000026
8.620000000000662,1.6954327900000026
8.630000000000656,1.7025838700000027
8.64000000000065,1.7096646900000028
8.650000000000645,1.7166745400000027
8.66000000000064,1.7236127200000027
8.670000000000634,1.7304785400000027
8.680000000000629,1.7372713200000027
8.690000000000623,1.7439903700000028
8.700000000000617,1.7506350200000027
8.710000000000612,1.7572046100000027
8.720000000000606,1.7636984800000026
8.7300000000006,1.7701159800000026
8.740000000000595,1.7764564700000025
8.75000000000059,1.7827193100000025
8.760000000000584,1.7889038800000026
8.770000000000579,1.7950095600000024
8.780000000000573,1.8010357400000025
8.790000000000568,1.8069818200000025
8.800000000000562,1.8128472000000024
8.810000000000556,1.8186313000000025
8.820000000000551,1.8243335400000025
8.830000000000545,1.8299533400000025
8.84000000000054,1.8354901500000025
8.850000000000534,1.8409434100000024
8.860000000000529,1.8463125800000024
8.870000000000523,1.8515971200000023
8.880000000000518,1.8567965000000024
8.890000000000512,1.8619102000000025
8.900000000000507,1.8669377100000024
8.910000000000501,1.8718785200000023
8.920000000000496,1.8767321500000023
8.93000000000049,1.8814981000000022
8.940000000000484,1.8861759100000022
8.950000000000479,1.890765100000002
8.960000000000473,1.895265210000002
8.970000000000468,1.899675800000002
8.980000000000462,1.9039964200000021
8.990000000000457,1.908226640000002
9.000000000000451,1.912366040000002
9.010000000000446,1.916414200000002
9.02000000000044,1.920370720000002
9.030000000000435,1.924235210000002
9.040000000000429,1.928007270000002
9.050000000000423,1.931686530000002
9.060000000000418,1.9352726300000018
9.070000000000412,1.9387652000000017
9.080000000000407,1.9421638900000018
9.090000000000401,1.9454683700000017
9.100000000000396,1.9486783000000016
9.11000000000039,1.9517933600000017
9.120000000000385,1.9548132500000017
9.13000000000038,1.9577376600000018
9.140000000000374,1.9605662900000018
9.150000000000368,1.9632988700000018
9.160000000000363,1.9659351200000017
9.170000000000357,1.9684747700000016
9.180000000000351,1.9709175800000016
9.190000000000346,1.9732633000000017
9.20000000000034,1.9755116900000018
9.210000000000335,1.977662530000002
9.22000000000033,1.979715610000002
9.230000000000324,1.981670710000002
9.240000000000318,1.9835276500000019
9.250000000000313,1.9852862400000018
9.260000000000307,1.9869463000000018
9.270000000000302,1.9885076700000017
9.280000000000296,1.9899701900000017
9.29000000000029,1.9913337100000017
9.300000000000285,1.9925981000000017
9.31000000000028,1.9937632300000017
9.320000000000274,1.9948289800000016
9.330000000000268,1.9957952500000016
9.340000000000263,1.9966619400000016
9.350000000000257,1.9974289700000016
9.360000000000252,1.9980962500000017
9.370000000000246,1.9986637200000017
9.38000000000024,1.9991313300000018
9.390000000000235,1.9994990300000017
9.40000000000023,1.9997667800000016
9.410000000000224,1.9999345500000016
9.420000000000218,2.000002330000002
9.430000000000213,1.9999701100000018
9.440000000000207,1.9998378900000018
9.450000000000202,1.9996056900000019
9.460000000000196,1.999273530000002
9.47000000000019,1.9988414400000019
9.480000000000185,1.998309470000002
9.49000000000018,1.9976776700000018
9.500000000000174,1.996946100000002
9.510000000000169,1.996114840000002
9.520000000000163,1.995183970000002
9.530000000000157,1.994153580000002
9.540000000000152,1.9930237800000021
9.550000000000146,1.9917946800000021
9.56000000000014,1.990466400000002
9.570000000000135,1.989039070000002
9.58000000000013,1.987512840000002
9.590000000000124,1.9858878600000018
9.600000000000119,1.9841642900000018
9.610000000000113,1.9823423000000018
9.620000000000108,1.9804220800000019
9.630000000000102,1.9784038200000018
9.640000000000096,1.9762877200000017
9.650000000000091,1.9740739900000017
9.660000000000085,1.9717628500000017
9.67000000000008,1.9693545400000017
9.680000000000074,1.9668492900000016
9.690000000000069,1.9642473600000017
9.700000000000063,1.9615490100000017
9.710000000000058,1.9587545000000017
9.720000000000052,1.9558641200000018
9.730000000000047,1.9528781500000019
9.740000000000041,1.9497968900000018
9.750000000000036,1.9466206600000018
9.76000000000003,1.9433497600000018
9.770000000000024,1.9399845300000018
9.780000000000019,1.9365253000000018
9.790000000000013,1.9329724200000018
9.800000000000008,1.9293262400000017
9.810000000000002,1.9255871300000018
9.819999999999997,1.9217554600000017
9.829999999999991,1.9178316200000018
9.839999999999986,1.9138160000000017
9.84999999999998,1.9097090000000017
9.859999999999975,1.9055110300000015
9.869999999999969,1.9012225100000015
9.879999999999963,1.8968438600000015
9.889999999999958,1.8923755300000016
9.899999999999952,1.8878179600000016
9.909999999999947,1.8831716100000016
9.919999999999941,1.8784369500000015
9.929999999999936,1.8736144400000017
9.93999999999993,1.8687045700000016
9.949999999999925,1.8637078300000016
9.95999999999992,1.8586247200000017
9.969999999999914,1.8534557500000017
9.979999999999908,1.8482014400000017
9.989999999999903,1.8428623100000017
9.999999999999897,1.8374388900000016
